t_ms,LF_ref,LF_meas,RF_ref,RF_meas,LB_ref,LB_meas,RB_ref,RB_meas
9,0-981.96,-823.15,279.07,263.39,-279.07,-121.81,981.96,631.07
10,-975.78,-825.28,277.32,441.58,-277.32,-136.84,975.78,817.19
10,-975.78,-964.04,277.32,253.52,-277.32,-349.70,975.78,1018.29
14,-975.78,-886.59,277.32,27.97,-277.32,-320.15,975.78,950.49
19,-975.78,-1165.02,277.32,47.69,-277.32,-204.64,975.78,1081.84
34,-972.70,-781.24,276.44,172.10,-276.44,-227.95,972.70,600.56
39,-972.70,-1001.39,276.44,52.56,-276.44,-216.27,972.70,1095.67
40,-972.70,-862.83,276.44,12.01,-276.44,-141.32,972.70,912.96
46,-972.70,-1118.33,276.44,131.07,-276.44,-223.78,972.70,1152.90
51,-972.70,-1005.36,276.44,242.31,-276.44,-306.22,972.70,705.60
59,-972.70,-1034.01,276.44,235.89,-276.44,-173.77,972.70,799.74
65,-972.70,-929.38,276.44,174.59,-276.44,-224.32,972.70,1236.86
70,-972.70,-887.98,276.44,251.78,-276.44,-365.40,972.70,996.99
86,-972.70,-1074.46,276.44,325.52,-276.44,-453.88,972.70,908.91
86,-972.70,-756.57,276.44,300.00,-276.44,-276.93,972.70,559.36
88,-972.70,-995.24,276.44,278.07,-276.44,31.53,972.70,1238.07
91,-972.70,-836.53,276.44,90.22,-276.44,-37.87,972.70,936.82
106,-972.70,-1273.56,276.44,36.00,-276.44,-311.42,972.70,1088.22
106,-972.70,-820.51,276.44,201.76,-276.44,-333.87,972.70,634.40
109,-969.61,-841.63,275.56,369.60,-275.56,-97.06,969.61,845.12
116,-969.61,-899.62,275.56,379.91,-275.56,-0.46,969.61,1239.31
122,-969.61,-884.30,275.56,453.78,-275.56,-72.56,969.61,986.25
131,-969.61,-1202.13,275.56,193.11,-275.56,-299.28,969.61,701.63
134,-969.61,-824.90,275.56,50.13,-275.56,-345.63,969.61,384.13
141,-969.61,-906.14,275.56,104.32,-275.56,-306.01,969.61,894.38
150,-969.61,-796.94,275.56,139.79,-275.56,-253.81,969.61,1383.35
154,-969.61,-1237.81,275.56,40.26,-275.56,-119.37,969.61,1209.27
158,-969.61,-926.31,275.56,0.00,-275.56,-67.84,969.61,587.88
163,-969.61,-788.11,275.56,103.77,-275.56,-149.42,969.61,665.05
171,-969.61,-869.45,275.56,231.83,-275.56,-349.70,969.61,1251.77
180,-969.61,-875.08,275.56,301.48,-275.56,-388.46,969.61,924.52
185,-969.61,-1204.62,275.56,202.48,-275.56,-501.29,969.61,1153.85
188,-969.61,-768.89,275.56,160.20,-275.56,-504.27,969.61,593.48
201,-969.61,-1013.80,275.56,259.93,-275.56,-179.30,969.61,872.40
201,-969.61,-811.56,275.56,234.31,-275.56,57.78,969.61,967.45
213,-966.52,-1105.98,274.68,219.93,-274.68,-95.41,966.52,998.82
214,-966.52,-919.83,274.68,302.01,-274.68,-351.79,966.52,953.70
217,-966.52,-888.01,274.68,103.56,-274.68,-344.07,966.52,778.55
225,-963.43,-986.55,273.81,93.67,-273.81,-38.04,963.43,1072.40
231,-963.43,-766.72,273.81,215.91,-273.81,47.99,963.43,809.92
238,-963.43,-1114.00,273.81,288.23,-273.81,-71.99,963.43,1280.29
244,-963.43,-852.51,273.81,453.42,-273.81,-201.88,963.43,756.00
249,-963.43,-1100.26,273.81,513.99,-273.81,-292.09,963.43,927.56
262,-963.43,-817.96,273.81,51.82,-273.81,-294.27,963.43,775.55
262,-963.43,-857.64,273.81,-149.56,-273.81,-178.80,963.43,917.65
265,-960.34,-1038.26,272.93,344.71,-272.93,-246.28,960.34,1054.43
275,-960.34,-925.92,272.93,285.66,-272.93,-367.51,960.34,871.62
278,-960.34,-993.86,272.93,-71.44,-272.93,-198.37,960.34,1053.83
286,-960.34,-718.41,272.93,-46.22,-272.93,-189.93,960.34,784.73
291,-960.34,-1148.34,272.93,255.16,-272.93,-278.68,960.34,1240.07
298,-960.34,-853.44,272.93,289.80,-272.93,-240.32,960.34,759.86
301,-960.34,-988.75,272.93,156.30,-272.93,-260.13,960.34,881.67
308,-960.34,-880.08,272.93,84.01,-272.93,-386.09,960.34,751.79
317,-960.34,-969.01,272.93,249.57,-272.93,-433.56,960.34,1071.70
321,-957.26,-1080.80,272.05,413.88,-272.05,-63.24,957.26,911.81
328,-957.26,-720.53,272.05,337.84,-272.05,63.50,957.26,788.47
331,-954.17,-923.59,271.17,190.30,-271.17,-168.88,954.17,1079.50
340,-954.17,-862.19,271.17,60.91,-271.17,-326.07,954.17,826.45
343,-954.17,-1187.40,271.17,59.69,-271.17,-295.85,954.17,1215.86
350,-951.08,-911.55,270.30,203.68,-270.30,-58.86,951.08,631.92
356,-951.08,-855.56,270.30,345.83,-270.30,35.91,951.08,775.77
363,-947.99,-908.02,269.42,322.25,-269.42,-38.34,947.99,970.09
371,-947.99,-800.46,269.42,437.57,-269.42,-222.22,947.99,1029.45
374,-941.82,-1190.20,267.66,342.39,-267.66,-363.60,941.82,987.20
381,-941.82,-745.71,267.66,78.79,-267.66,-287.76,941.82,610.64
387,-941.82,-913.16,267.66,10.20,-267.66,-144.84,941.82,1033.19
392,-938.73,-811.47,266.79,167.79,-266.79,-167.69,938.73,956.53
401,-938.73,-1014.85,266.79,165.90,-266.79,-266.20,938.73,1245.00
404,-935.64,-1012.49,265.91,72.37,-265.91,-208.18,935.64,536.59
413,-935.64,-776.48,265.91,117.62,-265.91,-191.72,935.64,688.76
417,-929.46,-939.55,264.15,272.93,-264.15,-305.57,929.46,1146.51
423,-929.46,-807.61,264.15,224.12,-264.15,-264.45,929.46,966.62
429,-929.46,-1142.54,264.15,160.25,-264.15,-353.14,929.46,983.74
436,-929.46,-881.35,264.15,241.81,-264.15,-340.48,929.46,527.53
439,-929.46,-818.49,264.15,236.13,-264.15,-355.56,929.46,890.65
447,-926.38,-908.28,263.28,148.56,-263.28,-135.65,926.38,1112.57
451,-926.38,-817.89,263.28,290.96,-263.28,21.91,926.38,1057.59
458,-926.38,-1144.57,263.28,362.29,-263.28,-84.01,926.38,590.35
467,-926.38,-769.37,263.28,90.58,-263.28,-303.38,926.38,514.27
471,-926.38,-867.27,263.28,80.40,-263.28,-320.33,926.38,1294.66
482,-926.38,-838.15,263.28,229.45,-263.28,-9.97,926.38,934.69
484,-926.38,-941.61,263.28,297.92,-263.28,112.04,926.38,1071.73
487,-923.29,-1145.74,262.40,483.23,-262.40,-105.14,923.29,561.35
498,-923.29,-700.46,262.40,379.20,-262.40,-227.99,923.29,721.25
500,-923.29,-841.59,262.40,20.54,-262.40,-215.73,923.29,1266.33
507,-923.29,-784.59,262.40,-5.07,-262.40,-241.56,923.29,966.35
516,-923.29,-1014.08,262.40,215.59,-262.40,-173.49,923.29,803.18
519,-920.20,-1080.85,261.52,157.51,-261.52,-123.94,920.20,399.49
525,-920.20,-790.61,261.52,-51.56,-261.52,-272.73,920.20,657.20
532,-920.20,-835.82,261.52,19.68,-261.52,-401.91,920.20,1459.40
535,-920.20,-742.56,261.52,207.78,-261.52,-190.39,920.20,1114.27
546,-917.11,-1225.80,260.64,297.86,-260.64,-141.31,917.11,667.10
548,-917.11,-938.03,260.64,261.01,-260.64,-224.05,917.11,458.54
557,-917.11,-706.54,260.64,174.32,-260.64,-228.31,917.11,1063.04
562,-917.11,-779.95,260.64,243.84,-260.64,-325.75,917.11,1035.12
567,-917.11,-756.05,260.64,213.91,-260.64,-440.32,917.11,1152.67
574,-914.02,-1273.76,259.77,108.35,-259.77,-445.87,914.02,655.83
579,-914.02,-770.27,259.77,226.17,-259.77,-61.72,914.02,518.50
589,-914.02,-847.20,259.77,362.02,-259.77,51.28,914.02,860.90
598,-914.02,-863.74,259.77,151.50,-259.77,-157.12,914.02,916.35
598,-914.02,-788.38,259.77,173.68,-259.77,-350.03,914.02,1400.18
602,-914.02,-1125.25,259.77,247.47,-259.77,-298.19,914.02,796.55
611,-914.02,-783.53,259.77,328.69,-259.77,13.09,914.02,712.21
615,-914.02,-924.34,259.77,425.98,-259.77,49.75,914.02,738.61
621,-914.02,-835.21,259.77,306.22,-259.77,-94.15,914.02,867.38
628,-910.94,-752.14,258.89,-10.37,-258.89,-258.00,910.94,1253.50
634,-910.94,-1071.57,258.89,-5.12,-258.89,-317.99,910.94,739.21
637,-910.94,-845.20,258.89,231.14,-258.89,-135.32,910.94,870.21
646,-904.76,-1066.91,257.13,171.31,-257.13,69.56,904.76,673.67
650,-904.76,-709.11,257.13,-37.89,-257.13,-35.42,904.76,905.28
657,-886.23,-782.08,251.87,-2.98,-251.87,-257.96,886.23,1042.39
664,-886.23,-989.59,251.87,192.17,-251.87,-363.88,886.23,813.30
668,-858.44,-830.01,243.97,277.51,-243.97,-287.72,858.44,684.34
676,-858.44,-946.71,243.97,190.19,-243.97,-56.49,858.44,512.23
682,-858.44,-614.70,243.97,118.24,-243.97,-51.93,858.44,721.52
685,-799.77,-791.32,227.29,277.42,-227.29,-274.46,799.77,1328.78
692,-799.77,-991.98,227.29,314.10,-227.29,-332.06,799.77,629.58
699,-725.66,-634.56,206.23,178.23,-206.23,-208.25,725.66,713.35
708,-725.66,-729.60,206.23,162.03,-206.23,-214.20,725.66,646.98
713,-639.20,-648.89,181.66,187.53,-181.66,-216.00,639.20,508.49
722,-639.20,-537.99,181.66,28.28,-181.66,-216.00,639.20,900.91
726,-639.20,-842.87,181.66,-31.75,-181.66,-339.50,639.20,605.74
729,-552.74,-780.87,157.09,79.77,-157.09,-226.76,552.74,314.45
733,-552.74,-193.24,157.09,96.03,-157.09,79.41,552.74,427.47
740,-475.54,-197.92,135.15,96.00,-135.15,-33.27,475.54,791.52
746,-475.54,-558.99,135.15,118.16,-135.15,-179.67,475.54,577.01
755,-404.52,-721.46,114.96,173.96,-114.96,-145.81,404.52,304.25
762,-404.52,-411.44,114.96,78.39,-114.96,-102.32,404.52,296.34
765,-404.52,-182.72,114.96,2.08,-114.96,-102.04,404.52,593.41
779,-345.85,-212.39,98.29,0.00,-98.29,-80.07,345.85,559.74
780,-345.85,-414.82,98.29,34.20,-98.29,-3.25,345.85,-92.65
788,-290.26,-603.23,82.49,117.88,-82.49,11.74,290.26,-9.04
794,-290.26,-345.63,82.49,270.82,-82.49,-17.59,290.26,259.83
797,-237.77,-92.50,67.57,240.64,-67.57,-42.50,237.77,276.00
801,-237.77,-140.98,67.57,-107.22,-67.57,-2.98,237.77,258.01
806,-237.77,-156.00,67.57,-94.35,-67.57,12.27,237.77,186.32
814,-145.13,-46.47,41.25,154.39,-41.25,-28.10,145.13,245.41
823,-145.13,57.88,41.25,100.05,-41.25,-0.45,145.13,129.00
826,-71.02,38.07,20.18,-73.66,-20.18,22.16,71.02,-61.74
834,-71.02,-53.91,20.18,-92.03,-20.18,12.04,71.02,-68.10
836,-18.53,-21.61,5.27,17.11,-5.27,-28.18,18.53,30.11
843,-18.53,36.30,5.27,36.51,-5.27,-0.00,18.53,36.30
852,-18.53,0.28,5.27,-37.68,-5.27,11.99,18.53,-75.83
855,0.00,-0.40,-0.00,-66.23,0.00,12.00,0.00,-66.04
862,0.00,35.95,-0.00,-4.81,0.00,-28.19,0.00,-4.82
871,0.00,25.80,-0.00,25.56,0.00,-0.45,0.00,12.26
871,0.00,-19.46,-0.00,12.04,0.00,23.69,0.00,0.00
874,0.00,-4.50,-0.00,-43.45,0.00,12.00,0.00,-51.89
878,0.00,10.20,-0.00,-33.60,0.00,-29.32,0.00,-32.07
888,0.00,22.24,-0.00,25.21,0.00,-18.01,0.00,21.86
890,0.00,-28.13,-0.00,13.80,0.00,10.20,0.00,0.27
898,0.00,-18.27,-0.00,-40.09,0.00,12.27,0.00,-27.79
900,0.00,-0.00,-0.00,-42.00,0.00,-39.91,0.00,-31.80
903,0.00,0.01,-0.00,11.32,0.00,-0.07,0.00,-0.45
909,0.00,-15.07,-0.00,13.80,0.00,-0.00,0.00,22.42
916,0.00,-18.03,-0.00,-29.28,0.00,-0.00,0.00,-27.52
923,0.00,-0.41,-0.00,-20.04,0.00,-17.60,0.00,-31.80
926,0.00,0.26,-0.00,11.67,0.00,-0.01,0.00,11.67
932,0.00,-15.30,-0.00,12.04,0.00,-0.00,0.00,13.57
941,0.00,-0.06,-0.00,-29.66,0.00,-0.00,0.00,-28.13
945,0.00,-0.00,-0.00,-40.46,0.00,-0.00,0.00,-31.76
948,0.00,-0.00,-0.00,9.79,0.00,-0.00,0.00,-2.74
951,0.00,-0.00,-0.00,22.50,0.00,-0.00,0.00,23.99
958,0.00,-0.00,-0.00,-17.55,0.00,-0.00,0.00,0.27
963,0.00,-18.00,-0.00,-43.49,0.00,-0.00,0.00,-53.69
968,0.00,-0.00,-0.00,-18.05,0.00,-0.00,0.00,-20.08
972,0.00,-0.00,-0.00,27.28,0.00,-0.00,0.00,37.48
979,0.00,-17.94,-0.00,0.28,0.00,-0.00,0.00,12.05
982,0.00,-0.01,-0.00,-43.49,0.00,0.00,0.00,-53.68
986,0.00,-0.00,-0.00,-18.05,0.00,0.00,0.00,-18.28
996,0.00,-0.00,-0.00,23.68,0.00,0.00,0.00,33.83
1001,0.00,-0.00,-0.00,12.24,0.00,0.00,0.00,24.04
1004,0.00,-17.60,-0.00,-29.66,0.00,0.00,0.00,-55.17
1010,0.00,-0.06,-0.00,-30.27,0.00,0.00,0.00,-33.60
1012,0.00,-0.00,-0.00,9.79,0.00,0.00,0.00,44.30
1015,0.00,-0.00,-0.00,23.99,0.00,0.00,0.00,24.28
1026,0.00,-0.00,-0.00,-27.75,0.00,0.00,0.00,-61.79
1028,0.00,-0.00,-0.00,-41.77,0.00,0.00,0.00,-55.80
1031,3.09,-0.00,-0.88,7.42,0.88,0.00,-3.09,5.62
1041,3.09,-0.00,-0.88,24.26,0.88,0.00,-3.09,49.75
1046,3.09,-0.00,-0.88,-27.52,0.88,0.00,-3.09,-14.75
1049,46.32,-0.00,-13.16,-42.00,13.16,0.00,-46.32,-66.23
1059,46.32,-0.00,-13.16,21.86,13.16,0.00,-46.32,-18.54
1062,126.60,23.72,-35.98,1.81,35.98,0.00,-126.60,12.50
1070,126.60,47.95,-35.98,-55.22,35.98,0.00,-126.60,-95.97
1075,234.68,58.19,-66.70,-30.01,66.70,11.99,-234.68,-104.04
1084,234.68,116.08,-66.70,0.26,66.70,12.03,-234.68,-100.47
1089,234.68,194.08,-66.70,-27.79,66.70,24.00,-234.68,-188.02
1092,345.85,289.42,-98.29,-31.84,98.29,13.80,-345.85,-303.47
1101,345.85,144.61,-98.29,-30.00,98.29,10.20,-345.85,-396.28
1106,453.92,-1.97,-129.01,1.48,129.01,33.93,-453.92,-583.42
1113,453.92,245.88,-129.01,-39.87,129.01,82.16,-453.92,-294.13
1116,558.91,483.28,-158.84,-53.77,158.84,118.19,-558.91,-215.74
1124,558.91,573.83,-158.84,-3.01,158.84,183.87,-558.91,-263.95
1129,558.91,522.34,-158.84,0.01,158.84,187.80,-558.91,-396.24
1138,645.38,551.59,-183.42,-28.14,183.42,-34.70,-645.38,-622.10
1140,645.38,512.07,-183.42,-42.26,183.42,-33.87,-645.38,-621.73
1147,722.57,689.03,-205.35,-30.00,205.35,148.91,-722.57,-516.33
1151,722.57,894.05,-205.35,-18.00,205.35,110.25,-722.57,-466.21
1158,790.51,510.10,-224.66,-15.71,224.66,-50.01,-790.51,-991.51
1165,790.51,468.01,-224.66,-52.19,224.66,7.18,-790.51,-765.64
1172,790.51,940.20,-224.66,-31.84,224.66,183.31,-790.51,-402.53
1175,849.18,764.53,-241.34,-30.00,241.34,208.21,-849.18,-737.91
1182,849.18,705.07,-241.34,-30.00,241.34,198.30,-849.18,-949.05
1187,892.41,891.79,-253.62,-87.65,253.62,125.09,-892.41,-768.38
1194,892.41,602.83,-253.62,-198.27,253.62,95.74,-892.41,-1030.66
1202,917.11,956.80,-260.64,-339.83,260.64,249.63,-917.11,-546.26
1207,917.11,1218.71,-260.64,-365.72,260.64,289.80,-917.11,-551.08
1222,917.11,1252.96,-260.64,-303.58,260.64,211.89,-917.11,-1183.65
1223,926.38,678.36,-263.28,19.02,263.28,283.15,-926.38,-758.60
1225,926.38,627.95,-263.28,-24.91,263.28,288.31,-926.38,-812.47
1239,929.46,1093.61,-264.15,-276.50,264.15,276.27,-929.46,-770.67
1240,929.46,856.97,-264.15,-317.99,264.15,310.15,-929.46,-699.33
1242,932.55,1019.20,-265.03,-268.78,265.03,290.08,-932.55,-1156.78
1251,932.55,684.82,-265.03,-69.98,265.03,299.69,-932.55,-830.55
1254,932.55,877.34,-265.03,-76.16,265.03,238.09,-932.55,-1027.04
1262,935.64,1020.27,-265.91,-197.57,265.91,160.21,-935.64,-637.76
1267,935.64,836.13,-265.91,-426.59,265.91,219.85,-935.64,-522.08
1274,935.64,1009.58,-265.91,-477.93,265.91,155.98,-935.64,-1155.12
1277,935.64,637.47,-265.91,-306.14,265.91,-37.89,-935.64,-940.01
1314,941.82,888.79,-267.66,51.65,267.66,21.83,-941.82,-1013.22
1314,941.82,910.82,-267.66,2.43,267.66,181.97,-941.82,-673.44
1314,941.82,910.16,-267.66,-288.45,267.66,208.23,-941.82,-524.19
1314,947.99,1038.25,-269.42,-331.84,269.42,210.00,-947.99,-1099.27
1315,947.99,627.01,-269.42,-83.27,269.42,113.13,-947.99,-978.95
1315,954.17,850.62,-271.17,34.38,271.17,72.01,-954.17,-1131.02
1321,954.17,916.34,-271.17,-51.21,271.17,178.12,-954.17,-575.72
1327,963.43,1183.03,-273.81,-176.05,273.81,379.99,-963.43,-496.18
1331,963.43,896.29,-273.81,-299.34,273.81,458.11,-963.43,-1222.59
1341,963.43,623.85,-273.81,-319.83,273.81,298.23,-963.43,-928.06
1346,969.61,865.30,-275.56,-363.62,275.56,2.73,-969.61,-1103.83
1351,969.61,908.53,-275.56,-249.00,275.56,33.59,-969.61,-672.30
1357,975.78,1155.08,-277.32,63.43,277.32,442.87,-975.78,-649.55
1364,975.78,634.44,-277.32,18.03,277.32,464.11,-975.78,-1054.29
1369,978.87,800.89,-278.19,-346.83,278.19,462.23,-978.87,-787.35
1377,978.87,1082.23,-278.19,-447.31,278.19,216.58,-978.87,-1208.35
1382,978.87,1089.43,-278.19,-202.13,278.19,96.29,-978.87,-664.68
1385,985.05,957.65,-279.95,-102.01,279.95,149.66,-985.05,-853.25
1394,985.05,588.21,-279.95,-188.08,279.95,162.00,-985.05,-938.70
1400,988.14,938.20,-280.83,-327.92,280.83,98.52,-988.14,-750.71
1404,988.14,960.33,-280.83,-511.13,280.83,86.03,-988.14,-1204.47
1412,991.22,1164.79,-281.70,-318.69,281.70,203.68,-991.22,-808.41
1418,991.22,814.11,-281.70,30.00,281.70,289.75,-991.22,-1027.35
1421,991.22,711.62,-281.70,-61.98,281.70,189.95,-991.22,-710.63
1428,994.31,1012.35,-282.58,-337.38,282.58,197.69,-994.31,-896.79
1437,994.31,902.19,-282.58,-258.93,282.58,223.80,-994.31,-1170.69
1442,994.31,1189.24,-282.58,6.53,282.58,271.23,-994.31,-914.55
1446,994.31,762.82,-282.58,24.03,282.58,383.64,-994.31,-890.13
1453,994.31,931.22,-282.58,-109.76,282.58,281.76,-994.31,-598.35
1466,994.31,832.82,-282.58,-236.03,282.58,232.17,-994.31,-1206.67
1467,994.31,1122.47,-282.58,-353.40,282.58,258.00,-994.31,-944.99
1471,994.31,891.75,-282.58,-415.19,282.58,273.30,-994.31,-1025.25
1475,994.31,822.65,-282.58,-304.18,282.58,383.64,-994.31,-747.41
1482,991.22,1005.76,-281.70,75.12,281.70,372.24,-991.22,-788.58
1491,991.22,902.83,-281.70,-31.46,281.70,186.15,-991.22,-1267.09
1494,985.05,1123.11,-279.95,-337.40,279.95,-85.11,-985.05,-724.21
1501,985.05,681.24,-279.95,-404.59,279.95,27.23,-985.05,-877.04
1508,985.05,865.68,-279.95,-224.32,279.95,285.10,-985.05,-787.47
1511,975.78,958.19,-277.32,-125.78,277.32,261.02,-975.78,-867.11
1522,975.78,1059.57,-277.32,-274.80,277.32,188.46,-975.78,-1131.45
1525,969.61,941.76,-275.56,-364.19,275.56,106.25,-969.61,-643.26
1531,969.61,736.00,-275.56,-467.08,275.56,191.99,-969.61,-907.02
1540,963.43,931.14,-273.81,-197.16,273.81,359.36,-963.43,-860.43
1545,963.43,854.47,-273.81,140.66,273.81,336.28,-963.43,-1267.29
1548,963.43,1203.75,-273.81,106.48,273.81,305.40,-963.43,-744.33
1564,957.26,689.42,-272.05,-422.14,272.05,40.35,-957.26,-588.26
1564,957.26,807.18,-272.05,-407.09,272.05,32.12,-957.26,-1046.33
1566,951.08,918.73,-270.30,-75.24,270.30,276.51,-951.08,-842.29
1573,951.08,868.21,-270.30,105.79,270.30,459.82,-951.08,-1142.04
1586,947.99,1023.90,-269.42,-117.76,269.42,396.49,-947.99,-646.57
1586,947.99,722.92,-269.42,-193.56,269.42,307.56,-947.99,-636.06
1589,947.99,1037.21,-269.42,-224.12,269.42,74.79,-947.99,-1144.47
1596,944.90,897.40,-268.54,-293.71,268.54,46.20,-944.90,-974.49
1609,944.90,873.38,-268.54,-282.04,268.54,298.79,-944.90,-1149.44
1609,944.90,748.84,-268.54,-355.24,268.54,376.27,-944.90,-505.90
1615,944.90,608.18,-268.54,-123.60,268.54,154.88,-944.90,-510.25
1619,944.90,1193.97,-268.54,1.45,268.54,159.92,-944.90,-1176.56
1628,944.90,948.51,-268.54,-135.04,268.54,196.20,-944.90,-923.50
1631,944.90,975.20,-268.54,-479.78,268.54,176.07,-944.90,-920.87
1644,944.90,629.41,-268.54,-460.22,268.54,173.69,-944.90,-539.13
1646,944.90,800.92,-268.54,-392.21,268.54,299.61,-944.90,-1019.75
1653,944.90,1143.12,-268.54,-244.10,268.54,300.00,-944.90,-1009.67
1655,944.90,851.22,-268.54,-337.75,268.54,347.99,-944.90,-923.77
1666,944.90,1017.18,-268.54,-347.94,268.54,147.17,-944.90,-921.14
1669,944.90,617.42,-268.54,16.08,268.54,56.95,-944.90,-448.73
1676,944.90,813.03,-268.54,16.22,268.54,165.35,-944.90,-844.65
1679,944.90,1019.37,-268.54,-325.17,268.54,409.08,-944.90,-1131.50
1687,944.90,966.31,-268.54,-310.15,268.54,394.24,-944.90,-924.45
1693,944.90,1036.41,-268.54,-38.92,268.54,398.97,-944.90,-809.56
1702,944.90,581.27,-268.54,60.22,268.54,171.67,-944.90,-553.63
1706,944.90,738.16,-268.54,-100.46,268.54,60.29,-944.90,-1089.35
1709,944.90,981.47,-268.54,-128.70,268.54,94.16,-944.90,-916.19
1716,944.90,1237.78,-268.54,-139.54,268.54,118.20,-944.90,-1027.03
1724,944.90,852.03,-268.54,-278.62,268.54,120.00,-944.90,-911.80
1731,944.90,562.55,-268.54,-317.96,268.54,120.00,-944.90,-514.43
1734,944.90,885.13,-268.54,-401.68,268.54,242.03,-944.90,-1020.04
1746,944.90,910.85,-268.54,-180.20,268.54,236.12,-944.90,-1040.81
1748,944.90,1117.58,-268.54,-30.29,268.54,187.85,-944.90,-1124.38
1752,944.90,621.90,-268.54,-147.31,268.54,305.80,-944.90,-715.16
1758,944.90,738.09,-268.54,-385.44,268.54,358.20,-944.90,-577.75
1763,944.90,1108.35,-268.54,-308.39,268.54,371.99,-944.90,-1045.84
1770,944.90,908.83,-268.54,-279.37,268.54,156.69,-944.90,-787.62
1779,944.90,1063.92,-268.54,-242.13,268.54,70.21,-944.90,-1204.47
1784,944.90,541.76,-268.54,-299.12,268.54,237.57,-944.90,-764.08
1790,944.90,800.60,-268.54,-471.76,268.54,398.91,-944.90,-747.81
1798,944.90,1031.56,-268.54,-112.03,268.54,337.84,-944.90,-936.49
1802,944.90,1063.89,-268.54,-41.74,268.54,215.82,-944.90,-656.72
1805,944.90,994.77,-268.54,-209.63,268.54,108.69,-944.90,-1112.12
1812,944.90,658.42,-268.54,-285.56,268.54,157.95,-944.90,-887.79
1819,944.90,889.11,-268.54,-60.76,268.54,357.51,-944.90,-831.49
1826,944.90,869.76,-268.54,37.48,268.54,192.98,-944.90,-851.67
1829,944.90,1130.44,-268.54,-51.64,268.54,-14.89,-944.90,-594.75
1837,944.90,777.55,-268.54,-153.75,268.54,64.48,-944.90,-1223.30
1846,944.90,744.25,-268.54,-212.08,268.54,282.58,-944.90,-837.10
1852,944.90,977.24,-268.54,-281.93,268.54,291.60,-944.90,-851.54
1855,944.90,785.30,-268.54,-240.28,268.54,150.95,-944.90,-766.79
1859,944.90,1126.18,-268.54,-365.36,268.54,183.92,-944.90,-648.62
1877,944.90,700.07,-268.54,-176.51,268.54,309.81,-944.90,-1285.37
1877,944.90,816.96,-268.54,-42.09,268.54,368.08,-944.90,-783.90
1882,944.90,982.07,-268.54,-137.35,268.54,355.65,-944.90,-923.14
1885,944.90,878.45,-268.54,-373.71,268.54,154.02,-944.90,-768.92
1894,944.90,1134.84,-268.54,-287.99,268.54,219.88,-944.90,-734.26
1899,944.90,828.79,-268.54,-178.26,268.54,289.74,-944.90,-1322.27
1901,944.90,1021.12,-268.54,-259.81,268.54,344.08,-944.90,-716.47
1908,944.90,771.92,-268.54,-351.65,268.54,362.11,-944.90,-815.02
1916,944.90,1035.38,-268.54,-503.62,268.54,176.49,-944.90,-798.83
1923,944.90,813.55,-268.54,-94.01,268.54,135.71,-944.90,-887.42
1928,944.90,708.17,-268.54,97.66,268.54,109.85,-944.90,-1137.29
1932,944.90,1016.85,-268.54,-203.20,268.54,73.81,-944.90,-642.60
1942,944.90,860.82,-268.54,-389.37,268.54,60.00,-944.90,-962.51
1954,944.90,1131.35,-268.54,-272.73,268.54,105.65,-944.90,-811.25
1954,944.90,631.59,-268.54,45.45,268.54,219.88,-944.90,-1113.75
1957,944.90,801.53,-268.54,-11.11,268.54,277.70,-944.90,-917.76
1962,944.90,983.86,-268.54,-153.73,268.54,178.22,-944.90,-580.59
1969,944.90,868.86,-268.54,-166.24,268.54,185.69,-944.90,-942.36
1973,944.90,989.30,-268.54,-291.69,268.54,287.62,-944.90,-892.07
1980,944.90,648.54,-268.54,-307.79,268.54,258.06,-944.90,-1041.40
1990,944.90,1055.21,-268.54,-341.65,268.54,333.83,-944.90,-825.47
1993,944.90,968.49,-268.54,-166.23,268.54,263.05,-944.90,-553.58
2001,947.99,885.32,-269.42,1.38,269.42,245.46,-947.99,-1129.40
2013,947.99,799.14,-269.42,-72.00,269.42,347.36,-947.99,-862.94
2014,947.99,644.19,-269.42,-301.31,269.42,324.04,-947.99,-1146.67
2019,951.08,1198.15,-270.30,-421.11,270.30,359.99,-951.08,-676.16
2022,951.08,847.11,-270.30,-257.44,270.30,190.84,-951.08,-613.54
2028,951.08,987.50,-270.30,-261.92,270.30,173.73,-951.08,-1176.11
2039,951.08,644.23,-270.30,-291.79,270.30,220.12,-951.08,-791.88
2042,951.08,885.46,-270.30,-486.77,270.30,103.23,-951.08,-986.56
2054,951.08,1082.80,-270.30,-303.44,270.30,-29.88,-951.08,-747.07
2054,951.08,836.56,-270.30,-21.79,270.30,77.74,-951.08,-806.02
2057,951.08,1007.28,-270.30,-110.04,270.30,257.67,-951.08,-1129.05
2067,951.08,640.80,-270.30,-307.09,270.30,258.00,-951.08,-881.14
2075,951.08,919.62,-270.30,-135.32,270.30,125.41,-951.08,-1046.63
2079,951.08,947.11,-270.30,59.35,270.30,60.08,-951.08,-509.40
2085,951.08,940.91,-270.30,-25.18,270.30,144.91,-951.08,-870.24
2091,951.08,1003.57,-270.30,-128.25,270.30,355.94,-951.08,-1118.25
2093,951.08,624.77,-270.30,-153.80,270.30,394.16,-951.08,-877.02
2102,951.08,897.73,-270.30,-287.06,270.30,331.48,-951.08,-953.18
2105,951.08,918.96,-270.30,-375.88,270.30,52.59,-951.08,-543.77
2114,951.08,1236.36,-270.30,-467.90,270.30,56.09,-951.08,-948.41
2117,951.08,808.17,-270.30,-128.00,270.30,304.92,-951.08,-1139.96
2127,951.08,642.30,-270.30,83.81,270.30,449.90,-951.08,-1430.46
2131,951.08,942.49,-270.30,-117.53,270.30,475.75,-951.08,-583.88
2137,951.08,884.76,-270.30,-349.99,270.30,218.88,-951.08,-413.18
2143,951.08,1165.01,-270.30,-323.72,270.30,99.39,-951.08,-1143.00
2147,951.08,686.12,-270.30,-156.37,270.30,160.15,-951.08,-1006.71
2156,951.08,787.77,-270.30,-211.85,270.30,152.07,-951.08,-1184.82
2162,951.08,995.55,-270.30,-363.60,270.30,60.36,-951.08,-606.06
2166,947.99,967.35,-269.42,-552.78,269.42,59.96,-947.99,-697.20
2173,947.99,1043.92,-269.42,-231.67,269.42,233.09,-947.99,-1013.22
2178,947.99,589.36,-269.42,47.29,269.42,288.26,-947.99,-778.96
2185,944.90,826.62,-268.54,-93.53,268.54,156.30,-944.90,-1233.53
2191,944.90,941.06,-268.54,-363.18,268.54,48.32,-944.90,-733.54
2195,944.90,999.35,-268.54,-262.22,268.54,104.09,-944.90,-847.16
2205,944.90,978.63,-268.54,-34.53,268.54,319.69,-944.90,-886.18
2210,941.82,688.63,-267.66,-15.30,267.66,322.74,-941.82,-752.51
2214,941.82,968.86,-267.66,-119.98,267.66,361.48,-941.82,-1204.46
2221,941.82,830.78,-267.66,-325.32,267.66,226.91,-941.82,-785.39
2230,941.82,1132.50,-267.66,-343.83,267.66,184.24,-941.82,-935.65
2233,941.82,753.74,-267.66,-377.42,267.66,307.64,-941.82,-732.50
2238,941.82,757.55,-267.66,-180.19,267.66,323.50,-941.82,-700.86
2243,941.82,979.05,-267.66,-0.74,267.66,411.25,-941.82,-1250.55
2253,941.82,798.53,-267.66,-119.74,267.66,351.60,-941.82,-892.67
2258,941.82,1118.71,-267.66,-382.11,267.66,192.29,-941.82,-866.00
2262,941.82,697.41,-267.66,-346.25,267.66,14.47,-941.82,-564.41
2269,941.82,853.11,-267.66,-194.17,267.66,44.08,-941.82,-825.16
2275,941.82,956.63,-267.66,-227.72,267.66,207.55,-941.82,-1113.23
2282,941.82,953.00,-267.66,-228.00,267.66,246.23,-941.82,-630.83
2285,941.82,1018.13,-267.66,-482.86,267.66,247.80,-941.82,-959.91
2300,938.73,614.86,-266.79,-474.04,266.79,125.40,-938.73,-830.67
2300,938.73,840.42,-266.79,-133.41,266.79,82.51,-938.73,-1024.28
2306,938.73,931.14,-266.79,-75.98,266.79,227.69,-938.73,-927.79
2310,938.73,1037.33,-266.79,-153.52,266.79,359.95,-938.73,-714.67
2321,938.73,905.76,-266.79,-159.60,266.79,335.97,-938.73,-907.14
2325,938.73,697.74,-266.79,-21.97,266.79,216.70,-938.73,-700.83
2329,938.73,968.58,-266.79,-17.99,266.79,62.16,-938.73,-1135.58
2334,938.73,830.52,-266.79,-109.81,266.79,131.38,-938.73,-892.27
2342,938.73,1184.22,-266.79,-201.61,266.79,408.77,-938.73,-727.48
2345,938.73,727.77,-266.79,-315.82,266.79,427.83,-938.73,-907.70
2355,938.73,709.64,-266.79,-352.16,266.79,330.62,-938.73,-767.08
2358,938.73,980.56,-266.79,-371.39,266.79,98.88,-938.73,-1253.35
2365,938.73,818.45,-266.79,-9.68,266.79,117.88,-938.73,-703.56
2374,938.73,1077.57,-266.79,51.60,266.79,296.85,-938.73,-612.61
2379,938.73,668.28,-266.79,-219.15,266.79,238.32,-938.73,-991.12
2381,938.73,909.74,-266.79,-397.76,266.79,84.60,-938.73,-807.35
2392,938.73,1034.16,-266.79,-358.21,266.79,93.89,-938.73,-1170.36
2396,938.73,860.20,-266.79,-228.06,266.79,333.49,-938.73,-628.22
2399,938.73,900.18,-266.79,-251.73,266.79,262.82,-938.73,-864.65
2406,938.73,622.92,-266.79,-315.65,266.79,209.74,-938.73,-978.24
2414,938.73,1127.00,-266.79,-477.50,266.79,233.96,-938.73,-817.34
2426,938.73,851.57,-266.79,-170.63,266.79,186.08,-938.73,-1023.94
2426,938.73,927.34,-266.79,97.39,266.79,329.52,-938.73,-525.89
2434,938.73,797.48,-266.79,-154.75,266.79,326.34,-938.73,-737.91
2437,938.73,733.60,-266.79,-387.56,266.79,176.21,-938.73,-1201.56
2442,938.73,1135.08,-266.79,-262.80,266.79,209.72,-938.73,-869.00
2450,938.73,807.56,-266.79,31.02,266.79,275.93,-938.73,-977.07
2454,938.73,1029.36,-266.79,27.64,266.79,355.81,-938.73,-547.97
2460,935.64,713.35,-265.91,-153.11,265.91,415.79,-935.64,-921.12
2467,935.64,729.82,-265.91,-201.93,265.91,294.29,-935.64,-1026.68
2476,935.64,1052.50,-265.91,-314.02,265.91,30.41,-935.64,-963.41
2479,935.64,934.32,-265.91,-352.20,265.91,-3.00,-935.64,-946.81
2485,935.64,1191.77,-265.91,-404.63,265.91,230.91,-935.64,-470.94
2490,935.64,631.65,-265.91,-134.16,265.91,210.28,-935.64,-847.99
2498,935.64,672.91,-265.91,11.61,265.91,198.00,-935.64,-1109.30
2502,935.64,913.33,-265.91,-147.03,265.91,198.00,-935.64,-965.77
2509,935.64,1074.83,-265.91,-443.33,265.91,187.80,-935.64,-848.74
2518,935.64,998.07,-265.91,-271.02,265.91,230.09,-935.64,-458.84
2521,935.64,646.61,-265.91,-239.66,265.91,371.63,-935.64,-822.49
2530,935.64,855.17,-265.91,-327.87,265.91,349.77,-935.64,-1131.69
2533,935.64,852.63,-265.91,-485.29,265.91,265.42,-935.64,-1112.47
2538,935.64,1168.26,-265.91,-306.69,265.91,18.13,-935.64,-789.79
2546,935.64,781.49,-265.91,65.53,265.91,-45.85,-935.64,-417.88
2550,935.64,697.47,-265.91,-33.00,265.91,260.52,-935.64,-991.85
2562,935.64,996.94,-265.91,-335.46,265.91,497.12,-935.64,-1045.17
2565,935.64,866.17,-265.91,-320.15,265.91,416.36,-935.64,-997.03
2568,935.64,1128.95,-265.91,-24.74,265.91,216.79,-935.64,-899.33
2575,935.64,609.44,-265.91,72.22,265.91,48.65,-935.64,-590.30
2579,935.64,669.24,-265.91,-117.83,265.91,104.08,-935.64,-927.47
2586,935.64,1090.16,-265.91,-168.30,265.91,367.10,-935.64,-879.80
2596,935.64,936.13,-265.91,-189.90,265.91,268.53,-935.64,-990.72
2603,935.64,1099.31,-265.91,-316.10,265.91,16.57,-935.64,-1048.95
2610,935.64,609.32,-265.91,-374.09,265.91,45.89,-935.64,-642.48
2613,935.64,776.07,-265.91,-370.31,265.91,268.44,-935.64,-874.63
2617,935.64,926.48,-265.91,-38.27,265.91,276.54,-935.64,-789.00
2626,935.64,977.19,-265.91,2.07,265.91,174.57,-935.64,-925.21
2630,935.64,993.92,-265.91,-251.56,265.91,196.23,-935.64,-1024.68
2637,935.64,688.64,-265.91,-429.66,265.91,245.72,-935.64,-816.96
2643,935.64,891.41,-265.91,-308.71,265.91,329.99,-935.64,-924.22
2646,935.64,804.48,-265.91,-253.26,265.91,398.92,-935.64,-619.11
2654,935.64,1123.62,-265.91,-229.84,265.91,237.19,-935.64,-1167.87
2661,932.55,830.77,-265.03,-215.73,265.03,197.70,-932.55,-890.02
2665,932.55,768.57,-265.03,-552.08,265.03,221.96,-932.55,-740.14
2674,929.46,1001.24,-264.15,-340.89,264.15,305.88,-929.46,-839.06
2684,929.46,854.21,-264.15,-46.29,264.15,386.13,-929.46,-622.34
2684,929.46,1176.68,-264.15,-86.08,264.15,204.49,-929.46,-1052.51
2687,929.46,689.96,-264.15,-239.05,264.15,138.04,-929.46,-922.75
2694,929.46,697.88,-264.15,-160.19,264.15,149.96,-929.46,-921.67
2700,929.46,934.76,-264.15,7.37,264.15,97.86,-929.46,-803.44
2709,929.46,926.74,-264.15,-29.72,264.15,48.05,-929.46,-660.39
2713,926.38,1052.05,-263.28,-178.00,263.28,81.92,-926.38,-1279.31
2719,926.38,661.17,-263.28,-317.66,263.28,233.32,-926.38,-672.68
2723,926.38,903.52,-263.28,-304.25,263.28,286.42,-926.38,-711.04
2732,926.38,820.77,-263.28,-389.67,263.28,200.42,-926.38,-932.07
2738,926.38,1124.05,-263.28,-139.64,263.28,185.73,-926.38,-730.93
2741,926.38,844.79,-263.28,-26.23,263.28,287.61,-926.38,-1187.45
2748,926.38,671.49,-263.28,-75.65,263.28,258.01,-926.38,-628.31
2757,926.38,1018.56,-263.28,-392.92,263.28,335.92,-926.38,-657.91
2760,926.38,844.38,-263.28,-422.65,263.28,252.89,-926.38,-1011.34
2774,926.38,1112.16,-263.28,-252.39,263.28,244.12,-926.38,-920.79
2774,926.38,703.45,-263.28,-263.99,263.28,359.59,-926.38,-1145.88
2779,926.38,805.16,-263.28,-334.12,263.28,336.01,-926.38,-511.12
2787,926.38,1078.54,-263.28,-427.77,263.28,325.80,-926.38,-773.67
2790,926.38,785.39,-263.28,-49.17,263.28,176.44,-926.38,-991.98
2796,926.38,965.18,-263.28,-63.84,263.28,118.54,-926.38,-775.30
2810,926.38,626.94,-263.28,-255.56,263.28,96.08,-926.38,-1101.01
2811,926.38,1053.32,-263.28,-268.81,263.28,118.20,-926.38,-550.57
2815,926.38,929.53,-263.28,-48.38,263.28,150.26,-926.38,-741.29
2834,926.38,833.37,-263.28,-0.00,263.28,48.40,-926.38,-1001.31
2859,923.29,885.89,-262.40,-63.92,262.40,47.73,-923.29,-834.38
2859,923.29,685.64,-262.40,-211.80,262.40,195.83,-923.29,-1124.79
2859,923.29,1093.39,-262.40,-339.60,262.40,245.96,-923.29,-552.69
2859,923.29,865.05,-262.40,-319.58,262.40,154.23,-923.29,-761.08
2860,923.29,942.88,-262.40,-329.99,262.40,135.00,-923.29,-1064.24
2860,923.29,828.76,-262.40,-49.08,262.40,290.72,-923.29,-753.21
2862,923.29,632.50,-262.40,25.79,262.40,359.72,-923.29,-1030.89
2870,923.29,940.28,-262.40,-193.91,262.40,383.72,-923.29,-605.38
2873,923.29,826.00,-262.40,-350.07,262.40,184.39,-923.29,-837.21
2882,923.29,1033.30,-262.40,-355.83,262.40,24.10,-923.29,-1053.11
2885,923.29,939.95,-262.40,-158.80,262.40,165.04,-923.29,-816.18
2893,923.29,673.25,-262.40,-189.89,262.40,445.07,-923.29,-1046.58
2902,923.29,929.26,-262.40,-339.79,262.40,398.75,-923.29,-552.58
2905,923.29,816.45,-262.40,-425.12,262.40,427.49,-923.29,-703.51
2914,923.29,1224.70,-262.40,-410.64,262.40,192.80,-923.29,-1160.86
2918,923.29,695.42,-262.40,-50.63,262.40,106.52,-923.29,-902.75
2923,923.29,672.65,-262.40,-40.16,262.40,170.35,-923.29,-922.09
2931,923.29,998.43,-262.40,-243.56,262.40,176.34,-923.29,-496.43
2934,923.29,898.26,-262.40,-319.79,262.40,60.33,-923.29,-871.77
2940,923.29,1117.58,-262.40,-62.61,262.40,117.85,-923.29,-1064.93
2947,923.29,623.92,-262.40,37.47,262.40,272.89,-923.29,-866.24
2953,923.29,762.08,-262.40,-38.33,262.40,238.01,-923.29,-1049.59
2966,923.29,1066.23,-262.40,-155.27,262.40,96.62,-923.29,-501.44
2966,920.20,1050.44,-261.52,-325.36,261.52,157.72,-920.20,-749.08
2972,920.20,974.40,-261.52,-367.53,261.52,297.91,-920.20,-1211.13
2975,920.20,512.96,-261.52,-431.94,261.52,258.07,-920.20,-1137.66
2982,920.20,811.03,-261.52,-89.82,261.52,345.84,-920.20,-827.90
2988,920.20,995.95,-261.52,25.74,261.52,264.88,-920.20,-420.76
2998,920.20,1080.30,-261.52,-181.12,261.52,174.05,-920.20,-822.48
3003,920.20,917.41,-261.52,-373.76,261.52,295.10,-920.20,-984.17
3006,920.20,608.47,-261.52,-334.19,261.52,326.07,-920.20,-1051.27
3014,920.20,952.35,-261.52,-104.90,261.52,359.42,-920.20,-951.37
3017,920.20,858.33,-261.52,-139.45,261.52,326.34,-920.20,-605.93
3026,920.20,1061.22,-261.52,-371.82,261.52,260.74,-920.20,-948.15
3029,920.20,842.66,-261.52,-561.22,261.52,102.94,-920.20,-777.59
3039,920.20,697.78,-261.52,-395.19,261.52,12.28,-920.20,-806.11
3044,920.20,983.15,-261.52,53.13,261.52,69.84,-920.20,-1129.28
3049,920.20,791.54,-261.52,16.19,261.52,208.86,-920.20,-778.97
3055,920.20,1103.91,-261.52,-298.11,261.52,245.66,-920.20,-969.07
3060,920.20,767.49,-261.52,-332.38,261.52,224.08,-920.20,-665.77
3066,920.20,721.77,-261.52,-61.99,261.52,174.05,-920.20,-786.46
3079,920.20,991.00,-261.52,-17.61,261.52,307.59,-920.20,-989.79
3080,920.20,816.49,-261.52,-96.29,261.52,301.84,-920.20,-664.12
3084,920.20,1140.14,-261.52,-288.59,261.52,286.47,-920.20,-1024.51
3094,920.20,644.32,-261.52,-318.04,261.52,204.01,-920.20,-731.03
3097,920.20,805.19,-261.52,-374.05,261.52,48.64,-920.20,-864.94
3106,920.20,940.97,-261.52,-290.06,261.52,81.92,-920.20,-1070.50
3115,920.20,876.91,-261.52,-32.49,261.52,379.11,-920.20,-728.81
3126,920.20,1026.20,-261.52,-63.61,261.52,399.01,-920.20,-939.46
3127,920.20,637.21,-261.52,-334.88,261.52,372.00,-920.20,-677.49
3131,920.20,888.87,-261.52,-405.00,261.52,266.96,-920.20,-1008.47
3135,920.20,918.69,-261.52,-196.61,261.52,138.10,-920.20,-1066.29
3144,920.20,1035.45,-261.52,-203.73,261.52,194.12,-920.20,-666.85
3144,920.20,992.21,-261.52,-227.73,261.52,245.99,-920.20,-839.02
3154,920.20,870.08,-261.52,-359.68,261.52,110.61,-920.20,-702.41
3158,920.20,1107.11,-261.52,-494.36,261.52,94.47,-920.20,-1098.33
3161,917.11,798.27,-260.64,-99.53,260.64,282.51,-917.11,-918.04
3171,917.11,991.05,-260.64,-86.37,260.64,302.30,-917.11,-626.47
3174,914.02,607.22,-259.77,-245.92,259.77,224.12,-914.02,-925.10
3181,914.02,802.15,-259.77,-195.92,259.77,234.00,-914.02,-728.21
3186,914.02,1155.61,-259.77,-22.01,259.77,196.51,-914.02,-1113.62
3192,910.94,884.28,-258.89,-15.26,258.89,281.11,-910.94,-890.43
3199,910.94,863.46,-258.89,-120.01,258.89,338.07,-910.94,-580.31
3204,904.76,578.19,-257.13,-259.50,257.13,185.41,-904.76,-927.00
3212,904.76,1026.75,-257.13,-385.81,257.13,195.92,-904.76,-842.43
3215,901.67,951.72,-256.25,-491.60,256.25,289.15,-901.67,-943.14
3224,901.67,822.94,-256.25,-158.90,256.25,297.93,-901.67,-863.16
3227,901.67,861.22,-256.25,117.51,256.25,383.68,-901.67,-660.12
3236,895.50,634.35,-254.50,-79.64,254.50,338.08,-895.50,-1030.56
3241,895.50,1020.24,-254.50,-412.69,254.50,127.26,-895.50,-774.62
3247,892.41,978.17,-253.62,-422.41,253.62,-17.49,-892.41,-1042.59
3251,892.41,857.91,-253.62,-214.66,253.62,56.08,-892.41,-789.19
3261,889.32,750.60,-252.74,-239.68,252.74,197.86,-889.32,-555.10
3266,889.32,522.40,-252.74,-292.13,252.74,186.23,-889.32,-1040.36
3269,889.32,866.89,-252.74,-439.59,252.74,196.20,-889.32,-862.34
3279,886.23,1086.66,-251.87,-275.36,251.87,211.80,-886.23,-777.33
3284,886.23,1003.49,-251.87,67.14,251.87,163.85,-886.23,-838.36
3286,883.15,834.66,-250.99,-24.87,250.99,280.80,-883.15,-540.65
3295,883.15,486.72,-250.99,-311.73,250.99,326.06,-883.15,-971.86
3299,883.15,812.24,-250.99,-333.60,250.99,322.20,-883.15,-1008.46
3306,883.15,972.19,-250.99,-76.68,250.99,228.43,-883.15,-934.24
3318,883.15,1049.60,-250.99,69.83,250.99,62.40,-883.15,-807.42
3321,876.97,911.39,-249.23,-45.54,249.23,105.65,-876.97,-432.98
3324,876.97,476.84,-249.23,-155.71,249.23,387.77,-876.97,-881.86
3331,870.79,700.85,-247.48,-224.09,247.48,440.11,-870.79,-1089.16
3347,870.79,991.87,-247.48,-307.49,247.48,375.61,-870.79,-854.55
3371,864.62,1003.80,-245.72,-328.19,245.72,78.82,-864.62,-918.18
3371,864.62,930.63,-245.72,-334.13,245.72,0.09,-864.62,-462.84
3371,864.62,479.07,-245.72,-34.63,245.72,152.96,-864.62,-603.60
3371,855.35,678.32,-243.09,1.83,243.09,437.32,-855.35,-1132.80
3371,855.35,1018.61,-243.09,-219.79,243.09,162.70,-855.35,-872.56
3372,849.18,929.13,-241.34,-399.59,241.34,-41.34,-849.18,-1078.95
3379,849.18,1026.20,-241.34,-271.43,241.34,44.08,-849.18,-406.10
3385,843.00,419.23,-239.58,-90.37,239.58,282.57,-843.00,-446.70
3400,843.00,612.84,-239.58,-174.11,239.58,277.88,-843.00,-1157.48
3400,843.00,1045.28,-239.58,-414.54,239.58,121.05,-843.00,-808.34
3403,836.83,818.53,-237.83,-577.36,237.83,148.13,-836.83,-699.33
3407,836.83,1014.51,-237.83,-280.56,237.83,297.77,-836.83,-909.71
3414,830.65,587.38,-236.07,204.97,236.07,366.05,-830.65,-561.46
3423,830.65,528.10,-236.07,-109.06,236.07,429.59,-830.65,-720.69
3429,824.48,965.59,-234.32,-481.69,234.32,167.20,-824.48,-963.75
3435,824.48,870.75,-234.32,-202.95,234.32,134.80,-824.48,-730.94
3438,824.48,929.17,-234.32,93.20,234.32,253.50,-824.48,-1076.19
3446,824.48,753.85,-234.32,-11.07,234.32,321.96,-824.48,-591.80
3449,824.48,474.68,-234.32,-190.09,234.32,371.95,-824.48,-475.54
3470,818.30,727.06,-232.56,-103.86,232.56,182.55,-818.30,-971.08
3470,818.30,959.51,-232.56,-54.01,232.56,72.28,-818.30,-780.70
3470,818.30,813.42,-232.56,-160.84,232.56,159.82,-818.30,-711.37
3476,818.30,983.48,-232.56,-326.01,232.56,222.26,-818.30,-1010.84
3481,818.30,470.41,-232.56,-386.09,232.56,-8.62,-818.30,-577.77
3490,818.30,646.05,-232.56,-359.44,232.56,-55.60,-818.30,-673.78
3493,818.30,1013.22,-232.56,-24.48,232.56,144.54,-818.30,-883.71
3498,815.21,776.94,-231.68,38.06,231.68,221.92,-815.21,-578.93
3506,815.21,1012.43,-231.68,-193.60,231.68,244.15,-815.21,-852.23
3510,815.21,579.52,-231.68,-414.82,231.68,213.61,-815.21,-908.65
3516,815.21,434.42,-231.68,-311.99,231.68,86.36,-815.21,-508.11
3525,815.21,904.88,-231.68,-226.22,231.68,104.37,-815.21,-706.80
3528,815.21,962.08,-231.68,-239.99,231.68,321.54,-815.21,-887.91
3535,815.21,871.65,-231.68,-192.01,231.68,303.64,-815.21,-679.40
3539,815.21,801.33,-231.68,-389.89,231.68,311.99,-815.21,-1038.05
3555,815.21,429.05,-231.68,-460.17,231.68,158.17,-815.21,-625.42
3556,815.21,611.62,-231.68,-39.25,231.68,118.24,-815.21,-565.20
3560,815.21,1068.96,-231.68,14.03,231.68,339.44,-815.21,-904.53
3563,815.21,878.31,-231.68,-217.64,231.68,374.06,-815.21,-651.54
3574,815.21,1025.54,-231.68,-333.28,231.68,359.74,-815.21,-976.03
3579,815.21,457.24,-231.68,-198.05,231.68,195.28,-815.21,-1022.56
3583,815.21,443.66,-231.68,-145.54,231.68,48.37,-815.21,-413.97
3590,815.21,1034.58,-231.68,-189.93,231.68,81.88,-815.21,-289.30
3593,815.21,889.24,-231.68,-193.84,231.68,341.57,-815.21,-955.61
3602,815.21,880.16,-231.68,-202.20,231.68,243.00,-815.21,-927.94
3606,815.21,665.54,-231.68,-377.27,231.68,-121.05,-815.21,-831.55
3612,815.21,438.38,-231.68,-164.52,231.68,-70.52,-815.21,-841.19
3621,815.21,915.64,-231.68,11.61,231.68,305.36,-815.21,-369.27
3625,815.21,1113.10,-231.68,-84.01,231.68,302.14,-815.21,-647.86
3631,815.21,738.25,-231.68,-349.14,231.68,117.05,-815.21,-1062.05
3637,815.21,797.65,-231.68,-344.38,231.68,-27.70,-815.21,-809.10
3644,815.21,507.11,-231.68,-170.22,231.68,9.75,-815.21,-1035.93
3647,815.21,594.56,-231.68,-203.68,231.68,147.16,-815.21,-416.49
3654,815.21,1137.34,-231.68,-291.74,231.68,255.81,-815.21,-449.54
3666,815.21,865.43,-231.68,-459.72,231.68,337.75,-815.21,-1079.33
3669,815.21,771.88,-231.68,-400.52,231.68,335.97,-815.21,-838.66
3672,815.21,574.66,-231.68,-83.01,231.68,254.65,-815.21,-738.01
3679,812.12,496.21,-230.80,-18.04,230.80,-10.74,-812.12,-831.21
3684,812.12,959.47,-230.80,-205.89,230.80,-58.09,-812.12,-407.56
3692,812.12,1037.00,-230.80,-311.11,230.80,200.85,-812.12,-700.93
3695,809.04,736.41,-229.93,-86.61,229.93,445.58,-809.04,-1062.37
3702,809.04,817.42,-229.93,68.26,229.93,427.89,-809.04,-689.22
3708,805.95,487.25,-229.05,14.38,229.05,366.35,-805.95,-932.59
3717,805.95,612.17,-229.05,-176.01,229.05,64.63,-805.95,-700.65
3720,805.95,1078.06,-229.05,-239.15,229.05,45.93,-805.95,-417.47
3730,805.95,779.18,-229.05,-305.96,229.05,292.43,-805.95,-847.97
3734,805.95,864.14,-229.05,-264.06,229.05,220.22,-805.95,-1027.89
3739,805.95,694.13,-229.05,-264.00,229.05,-49.29,-805.95,-630.90
3746,805.95,440.21,-229.05,-70.57,229.05,-3.29,-805.95,-909.42
3753,805.95,747.09,-229.05,-15.36,229.05,181.96,-805.95,-645.40
3756,805.95,983.56,-229.05,-121.50,229.05,220.46,-805.95,-564.93
3763,805.95,860.46,-229.05,-261.57,229.05,235.80,-805.95,-995.06
3769,805.95,1000.95,-229.05,-365.64,229.05,92.77,-805.95,-728.91
3775,805.95,418.67,-229.05,-220.95,229.05,13.82,-805.95,-823.24
3779,805.95,563.36,-229.05,-180.00,229.05,57.92,-805.95,-859.34
3795,805.95,1007.08,-229.05,-277.18,229.05,205.43,-805.95,-396.17
3795,802.86,820.83,-228.17,-350.12,228.17,312.18,-802.86,-637.74
3798,802.86,960.28,-228.17,-481.47,228.17,276.04,-802.86,-1071.59
3804,802.86,625.97,-228.17,-42.65,228.17,273.30,-802.86,-642.14
3813,802.86,448.30,-228.17,15.87,228.17,191.99,-802.86,-687.31
3816,802.86,866.51,-228.17,-217.83,228.17,138.01,-802.86,-771.85
3826,802.86,960.54,-228.17,-329.94,228.17,292.79,-802.86,-471.14
3835,802.86,832.02,-228.17,-137.17,228.17,313.87,-802.86,-668.65
3835,802.86,885.38,-228.17,71.35,228.17,300.00,-802.86,-1071.87
3846,802.86,430.46,-228.17,-47.83,228.17,313.79,-802.86,-653.94
3846,799.77,512.32,-227.29,-128.68,227.29,212.45,-799.77,-982.34
3881,799.77,1089.84,-227.29,-57.88,227.29,187.84,-799.77,-683.91
3881,799.77,823.05,-227.29,-0.01,227.29,140.08,-799.77,-427.36
3882,799.77,897.57,-227.29,-38.39,227.29,50.12,-799.77,-906.45
3882,799.77,587.36,-227.29,-165.24,227.29,46.20,-799.77,-892.10
3882,796.68,472.02,-226.42,-325.70,226.42,117.61,-796.68,-664.61
3882,796.68,884.76,-226.42,-331.80,226.42,196.19,-796.68,-958.50
3890,796.68,931.67,-226.42,-343.83,226.42,221.99,-796.68,-530.56
3896,796.68,768.40,-226.42,-50.65,226.42,177.88,-796.68,-487.59
3899,796.68,903.22,-226.42,14.06,226.42,72.06,-796.68,-993.08
3910,796.68,517.69,-226.42,-148.76,226.42,83.69,-796.68,-805.49
3913,796.68,567.31,-226.42,-227.95,226.42,253.45,-796.68,-756.18
3919,796.68,968.24,-226.42,-295.20,226.42,290.07,-796.68,-924.84
3925,796.68,783.59,-226.42,-208.48,226.42,188.39,-796.68,-410.37
3932,796.68,879.42,-226.42,-68.13,226.42,198.00,-796.68,-615.01
3935,796.68,763.74,-226.42,-101.68,226.42,210.00,-796.68,-1034.75
3945,796.68,452.53,-226.42,-301.27,226.42,86.19,-796.68,-630.09
3948,796.68,734.64,-226.42,-452.01,226.42,144.95,-796.68,-683.98
3955,796.68,995.28,-226.42,-534.48,226.42,367.44,-796.68,-967.02
3962,796.68,821.53,-226.42,9.81,226.42,362.11,-796.68,-495.96
3970,796.68,934.10,-226.42,110.19,226.42,337.80,-796.68,-630.47
3973,796.68,446.38,-226.42,-249.63,226.42,103.03,-796.68,-947.80
3978,796.68,524.10,-226.42,-371.12,226.42,69.94,-796.68,-615.20
3986,796.68,1016.64,-226.42,-103.21,226.42,225.84,-796.68,-876.61
3989,796.68,807.93,-226.42,57.84,226.42,314.06,-796.68,-861.74
3995,796.68,881.02,-226.42,-47.88,226.42,55.11,-796.68,-458.79
4005,796.68,706.60,-226.42,-143.55,226.42,-55.71,-796.68,-838.56
4008,796.68,450.65,-226.42,-154.20,226.42,110.10,-796.68,-842.15
4022,796.68,747.40,-226.42,-237.57,226.42,276.80,-796.68,-592.37
4023,796.68,1017.44,-226.42,-252.27,226.42,302.03,-796.68,-1012.39
4025,796.68,947.49,-226.42,-183.88,226.42,113.73,-796.68,-750.05
4040,796.68,969.39,-226.42,-298.80,226.42,69.98,-796.68,-565.52
4040,796.68,405.78,-226.42,-356.07,226.42,202.15,-796.68,-862.84
4044,796.68,441.02,-226.42,-172.55,226.42,311.67,-796.68,-786.62
4051,796.68,1046.34,-226.42,-179.42,226.42,286.48,-796.68,-821.73
4060,796.68,885.41,-226.42,-293.57,226.42,300.27,-796.68,-990.21
4063,796.68,882.01,-226.42,-184.22,226.42,50.86,-796.68,-487.60
4069,796.68,534.56,-226.42,-155.74,226.42,22.44,-796.68,-559.48
4073,796.68,459.94,-226.42,-280.97,226.42,214.98,-796.68,-963.91
4084,796.68,981.67,-226.42,-314.36,226.42,371.60,-796.68,-751.30
4088,796.68,992.19,-226.42,-489.55,226.42,326.12,-796.68,-956.53
4091,796.68,687.99,-226.42,-143.34,226.42,324.00,-796.68,-789.06
4101,796.68,772.11,-226.42,47.66,226.42,238.59,-796.68,-402.57
4104,796.68,514.55,-226.42,-105.88,226.42,148.52,-796.68,-748.50
4111,796.68,599.69,-226.42,-327.53,226.42,185.72,-796.68,-922.53
4117,796.68,1156.16,-226.42,-270.62,226.42,200.03,-796.68,-776.78
4122,796.68,786.14,-226.42,29.23,226.42,-14.38,-796.68,-1014.41
4133,796.68,771.62,-226.42,28.14,226.42,-4.73,-796.68,-418.29
4136,796.68,623.42,-226.42,-150.55,226.42,171.11,-796.68,-348.04
4143,796.68,484.26,-226.42,-143.66,226.42,232.20,-796.68,-947.14
4148,796.68,868.44,-226.42,-102.05,226.42,235.76,-796.68,-1047.19
4150,796.68,1060.59,-226.42,-199.48,226.42,138.63,-796.68,-718.27
4162,796.68,713.81,-226.42,-305.67,226.42,135.30,-796.68,-837.53
4166,796.68,797.92,-226.42,-387.61,226.42,305.21,-796.68,-413.60
4169,796.68,488.92,-226.42,-180.46,226.42,337.84,-796.68,-493.97
4184,796.68,567.32,-226.42,81.54,226.42,324.04,-796.68,-1158.15
4184,796.68,1066.31,-226.42,-59.30,226.42,113.80,-796.68,-737.89
4187,796.68,762.36,-226.42,-227.63,226.42,12.29,-796.68,-689.09
4198,796.68,817.46,-226.42,-313.71,226.42,103.81,-796.68,-899.24
4201,796.68,800.34,-226.42,-321.87,226.42,416.89,-796.68,-499.78
4207,796.68,442.58,-226.42,-158.21,226.42,417.95,-796.68,-563.07
4213,796.68,613.38,-226.42,-189.88,226.42,327.92,-796.68,-1076.62
4220,796.68,1035.30,-226.42,-307.14,226.42,115.25,-796.68,-691.37
4223,796.68,854.26,-226.42,-386.05,226.42,-27.73,-796.68,-836.46
4232,796.68,1050.99,-226.42,-384.84,226.42,89.71,-796.68,-696.07
4235,796.68,463.59,-226.42,38.96,226.42,341.62,-796.68,-478.31
4245,796.68,378.62,-226.42,52.21,226.42,329.74,-796.68,-908.30
4249,796.68,947.70,-226.42,-310.54,226.42,-31.04,-796.68,-905.36
4255,796.68,945.59,-226.42,-367.75,226.42,-45.91,-796.68,-604.60
4260,796.68,918.07,-226.42,-200.54,226.42,167.24,-796.68,-918.97
4268,796.68,694.91,-226.42,71.59,226.42,244.42,-796.68,-710.84
4274,796.68,414.92,-226.42,-47.60,226.42,235.84,-796.68,-478.08
4278,796.68,662.33,-226.42,-166.41,226.42,76.69,-796.68,-922.62
4284,796.68,1094.12,-226.42,-114.33,226.42,2.12,-796.68,-904.83
4293,796.68,803.28,-226.42,-163.73,226.42,44.12,-796.68,-728.70
4296,796.68,963.42,-226.42,-293.27,226.42,241.44,-796.68,-811.06
4303,796.68,463.27,-226.42,-305.77,226.42,383.67,-796.68,-460.99
4309,796.68,409.51,-226.42,-353.95,226.42,392.41,-796.68,-593.40
4316,796.68,916.83,-226.42,-125.18,226.42,255.30,-796.68,-1096.69
4319,796.68,1000.54,-226.42,23.61,226.42,-12.93,-796.68,-679.83
4329,796.68,847.85,-226.42,-84.01,226.42,68.08,-796.68,-792.24
4332,796.68,786.51,-226.42,-359.62,226.42,329.46,-796.68,-890.16
4342,793.60,442.63,-225.54,-392.46,225.54,373.83,-793.60,-399.55
4346,793.60,586.81,-225.54,-146.80,225.54,348.00,-793.60,-299.72
4351,793.60,1068.72,-225.54,-153.53,225.54,242.99,-793.60,-352.39
4359,793.60,781.65,-225.54,-349.98,225.54,-11.05,-793.60,-1000.34
4372,793.60,883.44,-225.54,-462.22,225.54,21.87,-793.60,-824.80
4383,793.60,627.48,-225.54,-365.10,225.54,278.58,-793.60,-1056.43
4383,793.60,460.34,-225.54,76.82,225.54,415.73,-793.60,-494.93
4384,793.60,812.24,-225.54,16.50,225.54,133.64,-793.60,-509.75
4392,793.60,944.85,-225.54,-301.17,225.54,-107.92,-793.60,-921.90
4396,793.60,758.82,-225.54,-297.91,225.54,-4.90,-793.60,-657.75
4402,793.60,927.68,-225.54,-76.40,225.54,255.19,-793.60,-574.86
4406,793.60,521.30,-225.54,158.88,225.54,290.11,-793.60,-1117.91
4409,793.60,434.01,-225.54,-39.05,225.54,166.47,-793.60,-591.82
4418,793.60,918.61,-225.54,-266.60,225.54,185.68,-793.60,-512.09
4422,793.60,896.58,-225.54,-109.16,225.54,233.96,-793.60,-951.10
4428,793.60,915.72,-225.54,-0.45,225.54,199.84,-793.60,-767.12
4438,793.60,803.18,-225.54,-29.95,225.54,270.65,-793.60,-713.89
4441,793.60,379.32,-225.54,-223.43,225.54,300.53,-793.60,-988.92
4460,793.60,536.92,-225.54,-329.91,225.54,248.21,-793.60,-566.91
4460,796.68,1093.77,-226.42,-329.74,226.42,283.19,-796.68,-612.28
4460,796.68,819.09,-226.42,-299.94,226.42,301.61,-796.68,-849.79
4463,802.86,950.65,-228.17,4.69,228.17,300.00,-802.86,-598.71
4475,802.86,483.63,-228.17,15.90,228.17,278.07,-802.86,-893.18
4483,805.95,468.33,-229.05,-221.32,229.05,110.31,-805.95,-804.88
4485,805.95,973.56,-229.05,-338.08,229.05,119.69,-805.95,-538.61
4491,805.95,933.35,-229.05,-332.11,229.05,287.18,-805.95,-840.80
4494,812.12,944.79,-230.80,-148.33,230.80,93.58,-812.12,-864.58
4505,812.12,757.21,-230.80,-139.77,230.80,-67.39,-812.12,-616.64
4508,815.21,320.93,-231.68,-223.77,231.68,40.73,-815.21,-967.73
4511,815.21,385.87,-231.68,-262.46,231.68,195.63,-815.21,-749.70
4524,821.39,1129.68,-233.44,-434.72,233.44,208.21,-821.39,-592.14
4524,821.39,975.23,-233.44,-428.05,233.44,198.27,-821.39,-876.68
4533,821.39,965.29,-233.44,-7.69,233.44,84.69,-821.39,-616.95
4536,824.48,459.36,-234.32,29.89,234.32,58.21,-824.48,-773.95
4550,824.48,407.99,-234.32,-308.02,234.32,189.80,-824.48,-1053.09
4551,830.65,1105.73,-236.07,-333.90,236.07,455.20,-830.65,-524.10
4553,830.65,973.97,-236.07,-37.35,236.07,575.90,-830.65,-652.40
4562,836.83,783.91,-237.83,51.52,237.83,193.33,-836.83,-935.88
4565,836.83,687.90,-237.83,-83.68,237.83,-75.49,-836.83,-722.76
4575,836.83,488.18,-237.83,-165.92,237.83,62.23,-836.83,-1109.59
4580,839.91,854.46,-238.70,-189.93,238.70,479.57,-839.91,-677.73
4582,839.91,1139.55,-238.70,-262.15,238.70,450.55,-839.91,-502.22
4591,843.00,759.51,-239.58,-240.31,239.58,402.57,-843.00,-896.39
4597,843.00,802.21,-239.58,-375.49,239.58,113.78,-843.00,-848.70
4602,846.09,529.05,-240.46,-290.05,240.46,92.17,-846.09,-1020.81
4610,846.09,698.78,-240.46,-22.52,240.46,227.96,-846.09,-702.56
4613,846.09,1206.68,-240.46,-51.83,240.46,224.11,-846.09,-440.78
4620,846.09,835.37,-240.46,-391.66,240.46,18.09,-846.09,-916.30
4627,846.09,887.67,-240.46,-382.12,240.46,10.15,-846.09,-1008.12
4631,846.09,504.90,-240.46,-238.86,240.46,179.51,-846.09,-817.07
4638,846.09,526.26,-240.46,-251.99,240.46,323.59,-846.09,-890.93
4645,849.18,1116.98,-241.34,-289.23,241.34,238.59,-849.18,-457.40
4664,849.18,839.04,-241.34,-471.45,241.34,135.37,-849.18,-812.29
4664,849.18,958.18,-241.34,-115.66,241.34,183.92,-849.18,-1026.31
4664,849.18,743.46,-241.34,71.63,241.34,210.03,-849.18,-732.80
4667,849.18,462.65,-241.34,-168.18,241.34,220.20,-849.18,-992.97
4680,849.18,904.00,-241.34,-353.34,241.34,369.82,-849.18,-573.28
4686,849.18,933.01,-241.34,-248.73,241.34,261.83,-849.18,-564.65
4690,852.27,1150.93,-242.21,29.50,242.21,199.34,-852.27,-1124.44
4699,852.27,839.46,-242.21,38.07,242.21,285.48,-852.27,-677.92
4699,852.27,256.58,-242.21,-107.93,242.21,288.04,-852.27,-885.33
4706,855.35,312.94,-243.09,-201.88,243.09,345.84,-855.35,-677.80
4709,855.35,1151.52,-243.09,-303.47,243.09,336.28,-855.35,-535.95
4716,855.35,1141.59,-243.09,-308.07,243.09,250.82,-855.35,-1161.26
4723,855.35,1119.05,-243.09,-341.95,243.09,43.35,-855.35,-883.39
4727,858.44,335.13,-243.97,-43.09,243.97,7.29,-858.44,-786.03
4734,858.44,531.94,-243.97,5.35,243.97,131.07,-858.44,-911.72
4742,858.44,1157.51,-243.97,-173.75,243.97,197.69,-858.44,-486.69
4745,861.53,889.38,-244.85,-261.88,244.85,208.20,-861.53,-786.80
4756,861.53,1091.09,-244.85,-363.61,244.85,210.04,-861.53,-1088.51
4758,864.62,520.72,-245.72,-246.93,245.72,138.59,-864.62,-718.37
4765,864.62,565.22,-245.72,-154.25,245.72,204.55,-864.62,-944.44
4770,864.62,1095.33,-245.72,-275.03,245.72,323.96,-864.62,-549.80
4777,864.62,847.39,-245.72,-414.91,245.72,288.01,-864.62,-774.17
4783,864.62,1019.19,-245.72,-544.37,245.72,300.00,-864.62,-1038.03
4788,870.79,693.14,-247.48,-129.85,247.48,64.62,-870.79,-743.00
4799,870.79,547.52,-247.48,1.74,247.48,69.93,-870.79,-1072.60
4827,873.88,895.32,-248.36,-170.96,248.36,276.60,-873.88,-617.63
4827,873.88,884.00,-248.36,-309.59,248.36,437.38,-873.88,-498.30
4827,880.06,990.40,-250.11,-60.46,250.11,459.94,-880.06,-1057.17
4827,880.06,876.96,-250.11,23.99,250.11,453.90,-880.06,-858.17
4828,880.06,600.16,-250.11,-62.11,250.11,192.42,-880.06,-897.51
4831,886.23,915.20,-251.87,-141.25,251.87,60.33,-886.23,-815.63
4837,886.23,807.00,-251.87,-276.87,251.87,93.93,-886.23,-577.79
4843,895.50,1010.34,-254.50,-355.48,254.50,185.64,-895.50,-1067.73
4850,895.50,854.57,-254.50,-441.47,254.50,220.19,-895.50,-793.57
4855,904.76,673.26,-257.13,-206.80,257.13,298.14,-904.76,-915.24
4860,904.76,1032.28,-257.13,45.53,257.13,226.32,-904.76,-934.74
4867,904.76,821.16,-257.13,-71.95,257.13,173.74,-904.76,-580.42
4874,910.94,1115.91,-258.89,-325.30,258.89,271.14,-910.94,-1048.84
4879,910.94,766.05,-258.89,-391.75,258.89,276.31,-910.94,-870.47
4885,917.11,670.94,-260.64,-176.25,260.64,345.84,-917.11,-770.71
4892,917.11,1062.68,-260.64,-141.30,260.64,253.15,-917.11,-1073.83
4895,923.29,890.59,-262.40,-361.15,262.40,108.34,-923.29,-643.52
4904,923.29,1126.54,-262.40,-530.33,262.40,214.21,-923.29,-946.01
4908,923.29,658.66,-262.40,-430.22,262.40,359.90,-923.29,-836.48
4917,926.38,728.47,-263.28,-22.71,263.28,368.40,-926.38,-861.84
4920,926.38,1027.32,-263.28,-49.68,263.28,372.30,-926.38,-1054.98
4926,929.46,1035.89,-264.15,-275.96,264.15,238.10,-929.46,-692.16
4936,929.46,994.27,-264.15,-286.13,264.15,140.43,-929.46,-1012.52
4939,935.64,610.74,-265.91,-82.72,265.91,27.69,-935.64,-754.71
4946,935.64,962.21,-265.91,-30.00,265.91,71.72,-935.64,-888.72
4949,935.64,888.65,-265.91,-121.58,265.91,182.11,-935.64,-1086.27
4959,941.82,1025.24,-267.66,-335.55,267.66,232.15,-941.82,-790.06
4964,941.82,853.08,-267.66,-387.96,267.66,257.73,-941.82,-973.63
4967,947.99,766.20,-269.42,-435.55,269.42,212.11,-947.99,-687.44
4978,947.99,1166.12,-269.42,-122.44,269.42,252.55,-947.99,-1136.08
4981,954.17,823.03,-271.17,-28.44,271.17,359.98,-954.17,-852.82
4988,954.17,987.46,-271.17,-229.65,271.17,370.20,-954.17,-711.32
5000,954.17,669.98,-271.17,-431.88,271.17,255.00,-954.17,-1035.34
5001,963.43,946.62,-273.81,-284.44,273.81,98.19,-963.43,-792.83
5003,963.43,1105.81,-273.81,-253.80,273.81,227.97,-963.43,-1267.41
5011,969.61,907.89,-275.56,-240.00,275.56,413.53,-969.61,-697.68
5018,969.61,912.46,-275.56,-479.26,275.56,411.07,-969.61,-903.50
5022,975.78,708.94,-277.32,-412.80,277.32,294.34,-975.78,-922.59
5030,975.78,1184.68,-277.32,-96.24,277.32,184.52,-975.78,-1014.78
5033,975.78,893.33,-277.32,-151.18,277.32,220.19,-975.78,-1014.56
5042,981.96,1126.97,-279.07,-241.43,279.07,179.67,-981.96,-560.34
5045,981.96,711.29,-279.07,-109.20,279.07,84.28,-981.96,-997.86
5052,985.05,923.27,-279.95,-40.48,279.95,155.43,-985.05,-1006.61
5061,985.05,964.21,-279.95,-121.81,279.95,321.82,-985.05,-1143.88
5064,985.05,1010.81,-279.95,-347.86,279.95,261.02,-985.05,-752.35
5070,985.05,1042.95,-279.95,-487.77,279.95,231.98,-985.05,-875.65
5078,985.05,746.56,-279.95,-453.57,279.95,287.66,-985.05,-1004.04
5083,988.14,1003.59,-280.83,-20.82,280.83,377.97,-988.14,-786.72
5090,988.14,971.85,-280.83,-73.58,280.83,400.80,-988.14,-1163.04
5095,988.14,1319.59,-280.83,-434.51,280.83,224.89,-988.14,-662.07
5102,988.14,721.42,-280.83,-370.40,280.83,244.15,-988.14,-1088.39
5106,988.14,791.71,-280.83,-328.25,280.83,285.75,-988.14,-976.33
5113,988.14,928.70,-280.83,-330.00,280.83,423.43,-988.14,-960.94
5126,988.14,1243.94,-280.83,-449.79,280.83,352.21,-988.14,-848.74
5126,988.14,833.40,-280.83,-265.24,280.83,188.44,-988.14,-660.40
5129,988.14,855.54,-280.83,17.28,280.83,84.59,-988.14,-1277.55
5139,988.14,1006.07,-280.83,-82.42,280.83,71.69,-988.14,-891.08
5143,988.14,1011.21,-280.83,-412.13,280.83,117.89,-988.14,-1079.30
5148,985.05,1044.80,-279.95,-313.89,279.95,207.92,-985.05,-589.64
5161,985.05,721.31,-279.95,-116.27,279.95,285.71,-985.05,-983.64
5167,985.05,1040.77,-279.95,-166.09,279.95,277.81,-985.05,-1122.58
5167,985.05,903.19,-279.95,-315.81,279.95,246.05,-985.05,-1057.94
5173,985.05,1174.03,-279.95,-475.70,279.95,311.68,-985.05,-852.80
5181,985.05,895.40,-279.95,-275.18,279.95,300.00,-985.05,-601.97
5186,985.05,1106.08,-279.95,-115.59,279.95,359.91,-985.05,-1191.56
5189,985.05,913.06,-279.95,-274.76,279.95,291.65,-985.05,-991.04
5211,985.05,1083.57,-279.95,-320.10,279.95,322.15,-985.05,-1166.79
5211,985.05,844.42,-279.95,-202.84,279.95,336.00,-985.05,-670.77
5211,985.05,793.52,-279.95,-335.30,279.95,381.65,-985.05,-731.17
5215,985.05,1017.72,-279.95,-499.80,279.95,328.15,-985.05,-1125.31
5221,985.05,977.55,-279.95,-524.90,279.95,213.92,-985.05,-990.67
5226,985.05,1076.59,-279.95,12.07,279.95,110.53,-985.05,-1015.12
5235,985.05,770.58,-279.95,78.06,279.95,58.47,-985.05,-740.21
5239,985.05,1067.26,-279.95,-316.11,279.95,116.09,-985.05,-1030.85
5250,985.05,854.86,-279.95,-404.95,279.95,221.90,-985.05,-703.09
5253,985.05,1225.32,-279.95,-111.70,279.95,299.68,-985.05,-1122.02
5256,985.05,764.00,-279.95,69.83,279.95,238.05,-985.05,-912.17
5263,985.05,855.96,-279.95,-47.87,279.95,172.44,-985.05,-816.92
5268,985.05,982.15,-279.95,-213.61,279.95,305.82,-985.05,-909.50
5278,981.96,1021.36,-279.07,-329.07,279.07,390.32,-981.96,-698.53
5282,981.96,1007.26,-279.07,-427.19,279.07,400.77,-981.96,-1261.20
5289,981.96,782.24,-279.07,-448.14,279.07,200.23,-981.96,-993.36
5292,978.87,1041.77,-278.19,-119.56,278.19,255.88,-978.87,-1129.31
5299,978.87,876.52,-278.19,-165.48,278.19,333.84,-978.87,-627.39
5304,972.70,1230.48,-276.44,-354.80,276.44,503.96,-972.70,-1006.11
5310,972.70,746.13,-276.44,-308.08,276.44,429.96,-972.70,-1074.97
5318,969.61,891.83,-275.56,-353.41,275.56,45.17,-969.61,-831.89
5323,969.61,883.92,-275.56,-374.39,275.56,-21.59,-969.61,-897.55
5330,969.61,1057.65,-275.56,-505.69,275.56,223.60,-969.61,-665.53
5333,963.43,903.93,-273.81,-167.53,273.81,299.73,-963.43,-1186.25
5340,963.43,856.05,-273.81,-52.51,273.81,291.57,-963.43,-763.10
5347,960.34,1120.92,-272.93,-187.36,272.93,159.64,-960.34,-728.03
5351,960.34,824.96,-272.93,-296.01,272.93,38.13,-960.34,-931.61
5358,957.26,1011.49,-272.05,-58.88,272.05,105.88,-957.26,-758.54
5368,957.26,693.41,-272.05,-28.47,272.05,341.89,-957.26,-1384.14
5371,957.26,1008.26,-272.05,-137.08,272.05,371.78,-957.26,-851.23
5378,954.17,1004.47,-271.17,-325.35,271.17,385.79,-954.17,-869.31
5383,954.17,943.53,-271.17,-353.73,271.17,198.69,-954.17,-704.21
5388,951.08,874.83,-270.30,-443.67,270.30,218.36,-951.08,-861.65
5395,951.08,744.11,-270.30,-166.71,270.30,334.10,-951.08,-1259.14
5402,951.08,1144.52,-270.30,-30.06,270.30,369.65,-951.08,-768.64
5410,951.08,877.07,-270.30,-170.96,270.30,398.93,-951.08,-929.55
5413,951.08,1093.31,-270.30,-429.37,270.30,363.60,-951.08,-745.06
5420,947.99,683.34,-269.42,-345.69,269.42,93.37,-947.99,-1215.60
5423,947.99,886.01,-269.42,-317.97,269.42,-79.39,-947.99,-898.34
5432,947.99,960.54,-269.42,-316.43,269.42,162.57,-947.99,-904.61
5438,947.99,951.17,-269.42,-503.54,269.42,346.10,-947.99,-1042.45
5444,947.99,1054.08,-269.42,-143.87,269.42,301.84,-947.99,-839.84
5447,947.99,690.76,-269.42,83.58,269.42,142.55,-947.99,-1034.01
5455,947.99,915.48,-269.42,-213.64,269.42,83.78,-947.99,-664.44
5464,947.99,902.79,-269.42,-433.13,269.42,225.62,-947.99,-1101.14
5468,947.99,1293.56,-269.42,-191.96,269.42,393.83,-947.99,-815.82
5474,947.99,770.66,-269.42,-0.77,269.42,425.96,-947.99,-1016.38
5479,947.99,685.21,-269.42,-41.63,269.42,194.87,-947.99,-852.73
5484,947.99,948.21,-269.42,-245.36,269.42,118.24,-947.99,-663.68
5493,947.99,957.38,-269.42,-401.63,269.42,313.15,-947.99,-1186.37
5496,947.99,1192.09,-269.42,-455.92,269.42,423.79,-947.99,-843.82
5506,947.99,702.76,-269.42,-184.11,269.42,463.75,-947.99,-991.27
5509,947.99,944.08,-269.42,79.71,269.42,269.13,-947.99,-657.81
5514,947.99,858.32,-269.42,2.42,269.42,84.97,-947.99,-751.80
5524,947.99,1183.19,-269.42,-321.31,269.42,92.36,-947.99,-1250.71
5529,947.99,816.05,-269.42,-469.43,269.42,181.79,-947.99,-1004.51
5534,947.99,721.46,-269.42,-312.08,269.42,220.16,-947.99,-921.44
5540,947.99,1034.81,-269.42,-293.97,269.42,297.48,-947.99,-481.13
5544,947.99,864.50,-269.42,-282.00,269.42,289.80,-947.99,-1014.56
5551,947.99,1131.02,-269.42,-501.46,269.42,164.40,-947.99,-1094.74
5556,947.99,743.96,-269.42,-217.52,269.42,241.58,-947.99,-1100.75
5563,947.99,841.74,-269.42,-54.37,269.42,299.96,-947.99,-719.55
5574,944.90,941.05,-268.54,-185.84,268.54,369.61,-944.90,-527.26
5575,944.90,976.96,-268.54,-307.97,268.54,306.22,-944.90,-1146.93
5583,944.90,1027.04,-268.54,-52.40,268.54,139.90,-944.90,-1015.15
5588,944.90,736.41,-268.54,47.94,268.54,214.71,-944.90,-1102.46
5591,944.90,919.18,-268.54,-71.99,268.54,347.67,-944.90,-707.48
5598,944.90,818.75,-268.54,-257.96,268.54,410.71,-944.90,-551.45
5606,944.90,1170.04,-268.54,-475.70,268.54,440.07,-944.90,-1130.67
5611,944.90,764.21,-268.54,-568.05,268.54,245.15,-944.90,-974.53
5618,944.90,853.43,-268.54,-183.24,268.54,-37.26,-944.90,-1212.29
5623,944.90,959.92,-268.54,157.26,268.54,31.37,-944.90,-613.65
5630,944.90,925.67,-268.54,-77.54,268.54,287.61,-944.90,-779.62
5634,944.90,1103.30,-268.54,-439.25,268.54,258.72,-944.90,-869.80
5640,944.90,702.80,-268.54,-407.38,268.54,224.11,-944.90,-835.50
5650,944.90,889.45,-268.54,-202.77,268.54,150.28,-944.90,-1134.41
5653,944.90,877.03,-268.54,-278.75,268.54,216.02,-944.90,-732.91
5659,944.90,1088.23,-268.54,-424.84,268.54,393.79,-944.90,-900.85
5668,944.90,949.67,-268.54,-520.49,268.54,424.19,-944.90,-767.08
5672,944.90,861.34,-268.54,-110.04,268.54,243.36,-944.90,-829.81
5675,944.90,991.69,-268.54,-39.94,268.54,39.64,-944.90,-1192.25
5683,944.90,868.64,-268.54,-230.79,268.54,82.12,-944.90,-913.93
5689,944.90,1141.86,-268.54,-285.86,268.54,337.60,-944.90,-928.97
5695,944.90,697.38,-268.54,-160.19,268.54,429.58,-944.90,-627.16
5700,944.90,913.72,-268.54,-167.72,268.54,414.00,-944.90,-1254.31
5709,944.90,873.76,-268.54,-303.77,268.54,194.64,-944.90,-821.08
5716,944.90,1033.68,-268.54,-338.17,268.54,108.33,-944.90,-795.95
5720,944.90,888.22,-268.54,-457.20,268.54,241.73,-944.90,-900.00
5724,944.90,808.86,-268.54,-202.68,268.54,248.21,-944.90,-684.39
5731,944.90,1152.71,-268.54,-122.14,268.54,74.23,-944.90,-1164.92
5734,944.90,829.39,-268.54,-335.20,268.54,116.08,-944.90,-658.52
5742,944.90,969.38,-268.54,-297.69,268.54,299.33,-944.90,-886.86
5752,944.90,644.37,-268.54,-282.00,268.54,236.09,-944.90,-1028.21
5756,944.90,840.88,-268.54,-316.15,268.54,195.98,-944.90,-1024.71
5759,944.90,895.64,-268.54,-535.13,268.54,319.74,-944.90,-1041.03
5768,944.90,736.00,-268.54,-296.31,268.54,359.42,-944.90,-628.48
5772,944.90,1092.79,-268.54,-42.62,268.54,428.02,-944.90,-1006.30
5779,944.90,802.02,-268.54,-149.07,268.54,214.96,-944.90,-813.65
5785,944.90,1094.03,-268.54,-317.62,268.54,230.36,-944.90,-1076.48
5794,944.90,864.81,-268.54,-123.09,268.54,257.73,-944.90,-942.25
5799,944.90,1016.86,-268.54,21.81,268.54,390.20,-944.90,-603.78
5801,944.90,775.64,-268.54,-50.06,268.54,428.07,-944.90,-1038.00
5811,944.90,776.38,-268.54,-188.01,268.54,190.61,-944.90,-874.61
5815,944.90,1079.83,-268.54,-327.28,268.54,84.33,-944.90,-1245.63
5822,944.90,824.15,-268.54,-398.35,268.54,83.76,-944.90,-718.44
5826,944.90,1153.18,-268.54,-364.52,268.54,118.20,-944.90,-687.59
5835,944.90,685.69,-268.54,-5.85,268.54,173.42,-944.90,-1023.78
5838,941.82,828.93,-267.66,-25.19,267.66,243.85,-941.82,-832.35
5846,941.82,969.91,-267.66,-296.59,267.66,258.40,-941.82,-1129.48
5849,941.82,1110.52,-267.66,-419.53,267.66,210.32,-941.82,-561.38
5858,941.82,1011.24,-267.66,-269.13,267.66,295.68,-941.82,-1009.82
5861,941.82,712.55,-267.66,-281.93,267.66,322.47,-941.82,-1006.61
5868,941.82,927.52,-267.66,-317.99,267.66,371.72,-941.82,-997.00
5877,941.82,876.44,-267.66,-455.57,267.66,265.19,-941.82,-899.06
5880,941.82,1162.08,-267.66,-182.28,267.66,232.20,-941.82,-581.86
5886,941.82,743.32,-267.66,21.81,267.66,381.52,-941.82,-1157.67
5894,941.82,806.97,-267.66,-147.00,267.66,347.97,-941.82,-934.06
5899,941.82,993.71,-267.66,-387.28,267.66,327.87,-941.82,-951.01
5906,941.82,1047.61,-267.66,-249.27,267.66,186.60,-941.82,-734.86
5909,941.82,955.79,-267.66,-22.28,267.66,233.45,-941.82,-614.11
5918,941.82,656.29,-267.66,-29.28,267.66,179.94,-941.82,-1273.08
5922,941.82,1024.88,-267.66,-211.16,267.66,2.44,-941.82,-986.87
5928,941.82,871.07,-267.66,-361.76,267.66,34.11,-941.82,-1035.54
5934,941.82,1130.52,-267.66,-389.73,267.66,195.00,-941.82,-526.13
5942,941.82,801.81,-267.66,-395.04,267.66,257.69,-941.82,-781.22
5945,941.82,769.55,-267.66,-119.54,267.66,235.84,-941.82,-1215.74
5955,941.82,1038.79,-267.66,-125.42,267.66,162.01,-941.82,-954.19
5959,941.82,994.86,-267.66,-374.91,267.66,292.80,-941.82,-910.68
5964,941.82,1117.10,-267.66,-298.46,267.66,371.72,-941.82,-460.68
5973,941.82,680.84,-267.66,-261.93,267.66,439.75,-941.82,-880.34
5976,941.82,863.43,-267.66,-386.00,267.66,127.41,-941.82,-1156.44
5983,941.82,871.57,-267.66,-564.78,267.66,169.64,-941.82,-878.06
5988,941.82,1146.48,-267.66,-245.25,267.66,365.32,-941.82,-1039.74
5995,941.82,833.06,-267.66,69.21,267.66,394.44,-941.82,-563.09
6002,941.82,791.95,-267.66,-58.03,267.66,459.62,-941.82,-1013.50
